date,phase,actor,event,detail,form,url
2025-09-30,배경,양측,이사 지명 계약 체결,"Fermi Inc. · TMNN Manager LLC · Caddis Capital LLC · Melissa A. Neugebauer 2020 Trust 간 Director Nomination Agreement. 창업자측이 이사를 지명할 권리를 갖는 근거가 된다.",8-K,https://www.sec.gov/Archives/edgar/data/2071778/000121390026051895/ea0289160-8k_fermi.htm
2026-05-04,전조,회사,이사 지명 계약에 따른 이사회 변동,"임시주총 청구 하루 전에 접수됐다.",8-K,https://www.sec.gov/Archives/edgar/data/2071778/000121390026051895/ea0289160-8k_fermi.htm
2026-05-05,개시,창업자측,임시주총 소집 청구 — 이사회 확대 및 이사 5인 선임,"Toby R. Neugebauer(공동창업자·최대주주)가 2026-05-29 임시주총을 소집. 요구는 ""독립 재무·법률 자문사가 주도하는 전략적 검토""로, 자체 계획과 매각 등 전략적 거래를 비교하라는 것. 본인은 IPO 이후 한 주도 팔지 않았다고 밝혔다.",PREC14A,https://www.sec.gov/Archives/edgar/data/2071778/000121390026051937/ea0288360-prec14a_fermi.htm
2026-06-10,격화,창업자측,위임장 권유 확정,"Vicksburg Investments Management LLC 외 Fermi Founder Parties가 확정 위임장(GREEN 카드) 제출. 후보 David A. Daglio · Charles M. Elson · Sheila Hooda · John T. Jimenez · Juan A. Pujadas · Janet Yang.",DEFC14A,https://www.sec.gov/Archives/edgar/data/2071778/000121390026067352/ea0294314-defc14a_toby.htm
2026-06-12,격화,회사,동의 철회 권유서 제출,"회사가 WHITE 철회 카드로 맞대응. 주주에게 창업자측에 준 동의를 철회하라고 권유.",DEFC14A,https://www.sec.gov/Archives/edgar/data/2071778/000121390026067954/ea0291106-07.htm
2026-07-03,중단,창업자측,임시주총 소집 권유 철회,"텍사스 상사법원 담당 판사의 기피(recusal)로 일정이 불가능해져 철회. **소송 자체는 계속 진행 중**이며 쟁점은 ""이사들의 참호 구축(entrenching) 행위""다. 권유를 재개하지 않는 한 접수된 동의를 행사하지 않겠다고만 밝혔다 — 종결이 아니라 보류다.",DFAN14A,https://www.sec.gov/Archives/edgar/data/2071778/000121390026076168/ea0297342-dfan14a_toby.htm
2026-07-10,중단,창업자측 이사,Miles Everson 이사 사임,"Neugebauer 지명 이사가 즉시 사임. 사유는 (1) 회사 장부·기록 열람 제한 (2) 이사회가 자금조달 거래 감독을 신설 재무위원회에 위임한 것. 회사는 ""소송 관련 자료를 뺀 전부를 열람하게 했고 재무위원회 설치도 본인이 찬성했다""며 양쪽 모두 반박.",8-K 5.02,https://www.sec.gov/Archives/edgar/data/2071778/000121390026077385/ea0297782-8k_fermi.htm
2026-07-20,이후,회사,George Wentz 법무총괄 선임,"분쟁 중단 직후 경영진 보강.",8-K 5.02,https://www.sec.gov/Archives/edgar/data/2071778/000121390026080917/ea0298895-8k_fermi.htm
2026-08-11,이후,회사,Lee McIntire CEO 선임,"TensorWave 리스 공시(08-10) 및 2분기 10-Q(08-14) 직전에 새 CEO를 세웠다.",8-K 5.02,https://www.sec.gov/Archives/edgar/data/2071778/000121390026089340/ea0302016-8k_fermi.htm
