ticker,company,sub,fy,revenue,op_cf,capex,net_income,cap_interest,cash,equity,debt,shares
LNG,Cheniere Energy,LNG 수출,2008,,,,,,102192000.0,-274054000.0,,
LNG,Cheniere Energy,LNG 수출,2009,181126000.0,-97857000.0,,-161490000.0,,88372000.0,-432127000.0,,
LNG,Cheniere Energy,LNG 수출,2010,291513000.0,-16920000.0,,-76203000.0,,74161000.0,-661631000.0,2918579000.0,67800000.0
LNG,Cheniere Energy,LNG 수출,2011,290444000.0,-42764000.0,,-198756000.0,,459160000.0,-381567000.0,2465113000.0,223400000.0
LNG,Cheniere Energy,LNG 수출,2012,266220000.0,-107840000.0,1117956000.0,-332780000.0,35100000.0,201711000.0,510001000.0,2167113000.0,223400000.0
LNG,Cheniere Energy,LNG 수출,2013,267213000.0,-52436000.0,3114343000.0,-507922000.0,233000000.0,960842000.0,179682000.0,6576273000.0,238091000.0
LNG,Cheniere Energy,LNG 수출,2014,267954000.0,-262798000.0,2829558000.0,-547932000.0,405800000.0,2780000000.0,-164177000.0,9806084000.0,236745000.0
LNG,Cheniere Energy,LNG 수출,2015,271000000.0,-483000000.0,6853000000.0,-975000000.0,675000000.0,1736000000.0,-901850000.0,14920427000.0,235639000.0
LNG,Cheniere Energy,LNG 수출,2016,1283000000.0,-404000000.0,4356000000.0,-610000000.0,813000000.0,1827000000.0,-1396000000.0,21688000000.0,238000000.0
LNG,Cheniere Energy,LNG 수출,2017,5601000000.0,1231000000.0,3357000000.0,-393000000.0,779000000.0,2613000000.0,-1764000000.0,25336000000.0,237600000.0
LNG,Cheniere Energy,LNG 수출,2018,7987000000.0,1990000000.0,3643000000.0,471000000.0,803000000.0,3156000000.0,-526000000.0,28179000000.0,257000000.0
LNG,Cheniere Energy,LNG 수출,2019,9730000000.0,1833000000.0,3056000000.0,648000000.0,414000000.0,2994000000.0,-14000000.0,30774000000.0,253600000.0
LNG,Cheniere Energy,LNG 수출,2020,9358000000.0,1265000000.0,1839000000.0,-85000000.0,,2077000000.0,-191000000.0,30471000000.0,252300000.0
LNG,Cheniere Energy,LNG 수출,2021,15864000000.0,2469000000.0,966000000.0,-1565000000.0,,1817000000.0,-2571000000.0,29449000000.0,253600000.0
LNG,Cheniere Energy,LNG 수출,2022,33428000000.0,10523000000.0,1830000000.0,2635000000.0,,2487000000.0,-2969000000.0,24055000000.0,249900000.0
LNG,Cheniere Energy,LNG 수출,2023,20394000000.0,8418000000.0,2121000000.0,12059000000.0,,4525000000.0,5060000000.0,23397000000.0,238254866.0
LNG,Cheniere Energy,LNG 수출,2024,15703000000.0,5394000000.0,2238000000.0,4492000000.0,,3190000000.0,5699000000.0,22554000000.0,224365066.0
LNG,Cheniere Energy,LNG 수출,2025,19976000000.0,5539000000.0,3078000000.0,6794000000.0,,1584000000.0,7915000000.0,22507000000.0,215234776.0
LNG,Cheniere Energy,LNG 수출,2026,,,,,,1519000000.0,6191000000.0,22632000000.0,206534158.0
VG,Venture Global,LNG 수출,2022,,,,,,2412000000.0,,,
VG,Venture Global,LNG 수출,2023,7897000000.0,4550000000.0,8091000000.0,3616000000.0,649000000.0,5872000000.0,,,
VG,Venture Global,LNG 수출,2024,4972000000.0,2149000000.0,13717000000.0,1746000000.0,1516000000.0,4614000000.0,2897000000.0,29086000000.0,
VG,Venture Global,LNG 수출,2025,13769000000.0,6566000000.0,13365000000.0,2733000000.0,1081000000.0,3425000000.0,6743000000.0,33393000000.0,
VG,Venture Global,LNG 수출,2026,,,,,,4590000000.0,8572000000.0,41527000000.0,
NEXT,NextDecade,LNG 수출,2014,,,,,,356000.0,1114000.0,,3026250.0
NEXT,NextDecade,LNG 수출,2015,0.0,-6227000.0,33213000.0,-263187.0,,44130000.0,76564000.0,,4498966.0
NEXT,NextDecade,LNG 수출,2016,0.0,-7190000.0,19392000.0,-434698.0,,12524000.0,68098000.0,,95700000.0
NEXT,NextDecade,LNG 수출,2017,0.0,-12830000.0,14833000.0,-35326000.0,,35703000.0,103092000.0,,106300000.0
NEXT,NextDecade,LNG 수출,2018,0.0,-23285000.0,18658000.0,-41960000.0,,3169000.0,83221000.0,,106900000.0
NEXT,NextDecade,LNG 수출,2019,0.0,-40700000.0,20303000.0,-35871000.0,,15736000.0,89717000.0,,117300000.0
NEXT,NextDecade,LNG 수출,2020,0.0,-26253000.0,32352000.0,-14329000.0,,22608000.0,60432000.0,,117800000.0
NEXT,NextDecade,LNG 수출,2021,0.0,-17960000.0,12105000.0,-40396000.0,,25552000.0,19892000.0,,120800000.0
NEXT,NextDecade,LNG 수출,2022,0.0,-40076000.0,33753000.0,-84353000.0,0.0,62789000.0,54371000.0,0.0,143500000.0
NEXT,NextDecade,LNG 수출,2023,0.0,-73620000.0,1737636000.0,-182745000.0,,294478000.0,287923000.0,1816301000.0,256500000.0
NEXT,NextDecade,LNG 수출,2024,0.0,-95585000.0,2567801000.0,-61751000.0,,392762000.0,377641000.0,3920425000.0,260200000.0
NEXT,NextDecade,LNG 수출,2025,0.0,-169397000.0,4846807000.0,-306434000.0,,707088000.0,95338000.0,8510925000.0,264800000.0
NEXT,NextDecade,LNG 수출,2026,,,,,,499569000.0,-57280000.0,10416607000.0,265100000.0
TELL,Tellurian,LNG 수출,2009,,,,,,34689000.0,53512000.0,,
TELL,Tellurian,LNG 수출,2010,,3952000.0,,-1446000.0,,28091183.0,73818000.0,,
TELL,Tellurian,LNG 수출,2011,,-4495000.0,,-32432000.0,,17210000.0,42484419.0,,53835594.0
TELL,Tellurian,LNG 수출,2012,,-10441000.0,,26498000.0,,31704000.0,61724000.0,606000.0,54057159.0
TELL,Tellurian,LNG 수출,2013,,-17265000.0,2732000.0,-19767000.0,,12159000.0,33641000.0,174000.0,54057159.0
TELL,Tellurian,LNG 수출,2014,,-11668000.0,20923000.0,15509000.0,,7405000.0,29103000.0,,55376221.0
TELL,Tellurian,LNG 수출,2015,,-6593000.0,3000.0,-21596000.0,,0.0,0.0,5500000.0,6911921.0
TELL,Tellurian,LNG 수출,2016,0.0,-50430000.0,1000.0,-96655000.0,,21398000.0,5599000.0,783000.0,5879610.0
TELL,Tellurian,LNG 수출,2017,5441000.0,-109229000.0,,-231459000.0,,128273000.0,223887000.0,0.0,222749220.0
TELL,Tellurian,LNG 수출,2018,10286000.0,-103752000.0,,-125745000.0,,183589000.0,297934000.0,57048000.0,240655607.0
TELL,Tellurian,LNG 수출,2019,28774000.0,-113008000.0,,-151767000.0,,68482000.0,166285000.0,58121000.0,242207522.0
TELL,Tellurian,LNG 수출,2020,37434000.0,-69965000.0,,-210696000.0,,81737000.0,109090000.0,38275000.0,354315739.0
TELL,Tellurian,LNG 수출,2021,71275000.0,-61560000.0,,-114738000.0,,307274000.0,418301000.0,53687000.0,500453575.0
TELL,Tellurian,LNG 수출,2022,391926000.0,-22534000.0,,-49810000.0,5700000.0,508468000.0,672543000.0,382208000.0,564567568.0
TELL,Tellurian,LNG 수출,2023,166128000.0,-11189000.0,,-166177000.0,,105377000.0,624925000.0,361402000.0,703739585.0
TELL,Tellurian,LNG 수출,2024,,,,,,81936000.0,554773000.0,87038000.0,801955169.0
NFE,New Fortress Energy,LNG→발전,2016,,,,,,189121000.0,289370000.0,,
NFE,New Fortress Energy,LNG→발전,2017,97262000.0,-54892000.0,28727000.0,-31671000.0,0.0,118331000.0,278910000.0,,
NFE,New Fortress Energy,LNG→발전,2018,112301000.0,-93227000.0,181151000.0,-78076000.0,1732000.0,100853000.0,282647000.0,0.0,
NFE,New Fortress Energy,LNG→발전,2019,189125000.0,-234261000.0,377051000.0,-33809000.0,25172000.0,93035000.0,84805000.0,619057000.0,
NFE,New Fortress Energy,LNG→발전,2020,451650000.0,-125566000.0,156995000.0,-182147000.0,25924000.0,629336000.0,366959000.0,1239561000.0,168738423.0
NFE,New Fortress Energy,LNG→발전,2021,1322810000.0,84770000.0,669348000.0,92711000.0,30093000.0,264030000.0,1791575000.0,3757879000.0,206900000.0
NFE,New Fortress Energy,LNG→발전,2022,2368272000.0,355111000.0,1174008000.0,184786000.0,,855083000.0,1289820000.0,4476865000.0,208800000.0
NFE,New Fortress Energy,LNG→발전,2023,2390605000.0,818579000.0,2919768000.0,548224000.0,,310814000.0,1640001000.0,6510523000.0,205000000.0
NFE,New Fortress Energy,LNG→발전,2024,2358944000.0,602206000.0,2130641000.0,-244537000.0,,965577000.0,1878041000.0,8361776000.0,266500000.0
NFE,New Fortress Energy,LNG→발전,2025,1504037000.0,-583382000.0,650811000.0,-1831953000.0,,356942000.0,182647000.0,1105442000.0,284600000.0
NFE,New Fortress Energy,LNG→발전,2026,,,,,,500147000.0,-553650000.0,2131176000.0,285600000.0
SMR,NuScale Power,원자력,2019,,,,,,17131000.0,,,
SMR,NuScale Power,원자력,2020,600000.0,-47235000.0,3526000.0,-88387000.0,,4864000.0,-39614525.0,,
SMR,NuScale Power,원자력,2021,2862000.0,-99162000.0,1952000.0,-102493000.0,,77094000.0,66258000.0,,
SMR,NuScale Power,원자력,2022,11804000.0,-148609000.0,2332000.0,-25914000.0,,244217000.0,114679000.0,,236754948.0
SMR,NuScale Power,원자력,2023,22810000.0,-183254000.0,1725000.0,-58362000.0,,125365000.0,93457000.0,,
SMR,NuScale Power,원자력,2024,37045000.0,-108666000.0,44000.0,-136623000.0,,406656000.0,618695000.0,,
SMR,NuScale Power,원자력,2025,31479000.0,-459610000.0,508000.0,-355794000.0,,841517000.0,1168841000.0,,
SMR,NuScale Power,원자력,2026,,,,,,776023000.0,2061309000.0,,
OKLO,Oklo,원자력,2021,,-1880180.0,,-1056706.0,,3337050.0,-13183831.0,,
OKLO,Oklo,원자력,2022,,-954691.0,,3925770.0,,9654000.0,-3079000.0,,
OKLO,Oklo,원자력,2023,,-15998000.0,83000.0,-32173000.0,,9868000.0,-34361000.0,,69242940.0
OKLO,Oklo,원자력,2024,,-38390000.0,352000.0,-73616000.0,,97132000.0,250857000.0,,137706596.0
OKLO,Oklo,원자력,2025,,-82174000.0,33205000.0,-105663000.0,,788445000.0,1476210000.0,0.0,160514103.0
OKLO,Oklo,원자력,2026,,,,,,1661604000.0,3273557000.0,700000.0,185090155.0
PLUG,Plug Power,수소,2008,,,,,,80844500.0,125864122.0,,
PLUG,Plug Power,수소,2009,12292556.0,-38228247.0,532960.0,-40708552.0,,14580983.0,88268753.0,,
PLUG,Plug Power,수소,2010,19472649.0,-40770469.0,1100478.0,-47000000.0,,10955403.0,42913363.0,,
PLUG,Plug Power,수소,2011,27625942.0,-33310067.0,-1326144.0,-27500000.0,,13856893.0,29035665.0,,22736504.0
PLUG,Plug Power,수소,2012,26108457.0,-20164996.0,77527.0,-31862454.0,,9380000.0,15032000.0,,38404764.0
PLUG,Plug Power,수소,2013,26601000.0,-26881000.0,111000.0,-62670000.0,,5027000.0,-17871000.0,,106190652.0
PLUG,Plug Power,수소,2014,64230000.0,-40780000.0,1413000.0,-88488000.0,,146205000.0,158283000.0,,173266416.0
PLUG,Plug Power,수소,2015,103288000.0,-47274000.0,3520000.0,-55690000.0,,111796000.0,124736000.0,,180087491.0
PLUG,Plug Power,수소,2016,82819000.0,-29636000.0,2743000.0,-57487000.0,,100636000.0,85088000.0,20829000.0,191141646.0
PLUG,Plug Power,수소,2017,100153000.0,-60182000.0,4090000.0,-127080000.0,,68055000.0,70229000.0,13371000.0,228486366.0
PLUG,Plug Power,수소,2018,174215000.0,-58350000.0,5142000.0,-85608000.0,,110153000.0,-3588000.0,133000.0,219157998.0
PLUG,Plug Power,수소,2019,229975000.0,-53324000.0,5683000.0,-83743000.0,,369500000.0,129904000.0,72676000.0,303378515.0
PLUG,Plug Power,수소,2020,-93237000.0,-155476000.0,22526000.0,-596155000.0,0.0,1634284000.0,1466919000.0,,458051920.0
PLUG,Plug Power,수소,2021,502342000.0,-358176000.0,172166000.0,-460000000.0,5500000.0,3132194000.0,4605696000.0,,577654900.0
PLUG,Plug Power,수소,2022,701440000.0,-828623000.0,436610000.0,-724000000.0,13100000.0,1549344000.0,4060214000.0,9000000.0,590345658.0
PLUG,Plug Power,수소,2023,891340000.0,-1106570000.0,665208000.0,-1369000000.0,8200000.0,1169144000.0,2898125000.0,3900000.0,605502333.0
PLUG,Plug Power,수소,2024,628814000.0,-728643000.0,287098000.0,-2105000000.0,8300000.0,1040709000.0,1734137000.0,3900000.0,911196936.0
PLUG,Plug Power,수소,2025,709919000.0,-535835000.0,111164000.0,-1632000000.0,,993984000.0,978069000.0,,1391427242.0
PLUG,Plug Power,수소,2026,,,,,,671528000.0,581753000.0,,1397195278.0
FCEL,FuelCell Energy,연료전지,2008,,,,,,38043000.0,47058000.0,,
FCEL,FuelCell Energy,연료전지,2009,88016000.0,-65203000.0,2588000.0,-68674000.0,,57823000.0,31342000.0,,
FCEL,FuelCell Energy,연료전지,2010,69777000.0,-34992000.0,2481000.0,-55663000.0,,11417000.0,8350000.0,4056000.0,112965725.0
FCEL,FuelCell Energy,연료전지,2011,122570000.0,-8485000.0,3350000.0,-45713000.0,,42983000.0,-13451000.0,3620000.0,138400497.0
FCEL,FuelCell Energy,연료전지,2012,120603000.0,-58659000.0,4453000.0,-35495000.0,,46879000.0,14509000.0,3386000.0,185856123.0
FCEL,FuelCell Energy,연료전지,2013,187658000.0,-16658000.0,6551000.0,-34358000.0,,67696000.0,-12412000.0,43950000.0,196310402.0
FCEL,FuelCell Energy,연료전지,2014,180293000.0,-57468000.0,6295000.0,-38125000.0,,108833000.0,99987000.0,9312000.0,23930000.0
FCEL,FuelCell Energy,연료전지,2015,163077000.0,-44274000.0,6930000.0,-29359000.0,,85740000.0,95309000.0,8945000.0,25964710.0
FCEL,FuelCell Energy,연료전지,2016,108252000.0,-46595000.0,7726000.0,-50957000.0,,118316000.0,114396000.0,76760000.0,35174424.0
FCEL,FuelCell Energy,연료전지,2017,95666000.0,-71845000.0,12351000.0,-53903000.0,,87448000.0,101256000.0,66101000.0,69492816.0
FCEL,FuelCell Energy,연료전지,2018,89437000.0,16322000.0,10028000.0,-47334000.0,,80239000.0,82194000.0,70282000.0,7972686.0
FCEL,FuelCell Energy,연료전지,2019,60752000.0,-30572000.0,2151000.0,-77568000.0,,39778000.0,75737000.0,84401000.0,193608684.0
FCEL,FuelCell Energy,연료전지,2020,70871000.0,-36781000.0,382000.0,-89107000.0,,192052000.0,194548000.0,143989000.0,294706758.0
FCEL,FuelCell Energy,연료전지,2021,69585000.0,-70438000.0,6353000.0,-101055000.0,,460212000.0,642438000.0,77623000.0,366618693.0
FCEL,FuelCell Energy,연료전지,2022,130484000.0,-112167000.0,21078000.0,-142722000.0,,481044000.0,684392000.0,69177000.0,405562988.0
FCEL,FuelCell Energy,연료전지,2023,123394000.0,-140250000.0,39355000.0,-107568000.0,,299576000.0,682493000.0,109400000.0,15020872.0
FCEL,FuelCell Energy,연료전지,2024,112132000.0,-152906000.0,47721000.0,-126009000.0,,208883000.0,656922000.0,115738000.0,20375932.0
FCEL,FuelCell Energy,연료전지,2025,158162000.0,-125291000.0,18601000.0,-187899000.0,,341792000.0,662179000.0,103796000.0,46075237.0
FCEL,FuelCell Energy,연료전지,2026,,,,,,440852000.0,719430000.0,116829000.0,63549362.0
BE,Bloom Energy,연료전지,2015,,,,,,226337000.0,,,
BE,Bloom Energy,연료전지,2016,208540000.0,-282826000.0,8979000.0,-279658000.0,,217915000.0,-1724954000.0,,
BE,Bloom Energy,연료전지,2017,365623000.0,-91966000.0,61454000.0,-276362000.0,,180612000.0,-2180004000.0,921205000.0,10353269.0
BE,Bloom Energy,연료전지,2018,632648000.0,-91948000.0,45205000.0,-273540000.0,,280485000.0,-142610000.0,711433000.0,0.0
BE,Bloom Energy,연료전지,2019,785177000.0,163770000.0,51053000.0,-304414000.0,,377388000.0,-259594000.0,299229000.0,
BE,Bloom Energy,연료전지,2020,794247000.0,-98796000.0,37913000.0,-157553000.0,,416710000.0,78824000.0,270053000.0,
BE,Bloom Energy,연료전지,2021,972176000.0,-60681000.0,49810000.0,-164445000.0,,615114000.0,-44326000.0,500899000.0,
BE,Bloom Energy,연료전지,2022,1199125000.0,-191723000.0,116823000.0,-301708000.0,,518366000.0,340777000.0,385556000.0,
BE,Bloom Energy,연료전지,2023,1333470000.0,-372531000.0,83739000.0,-302116000.0,,745178000.0,502078000.0,846633000.0,224048769.0
BE,Bloom Energy,연료전지,2024,1473856000.0,91998000.0,58852000.0,-27203000.0,,950971000.0,562471000.0,1014407000.0,228575978.0
BE,Bloom Energy,연료전지,2025,2023994000.0,113949000.0,56759000.0,-87140000.0,,2481580000.0,768641000.0,2613726000.0,236510755.0
BE,Bloom Energy,연료전지,2026,,,,,,2518284000.0,921469000.0,2598676000.0,284443868.0
CORZ,Core Scientific,데이터센터 전력,2019,,,,,,6907000.0,106329000.0,,
CORZ,Core Scientific,데이터센터 전력,2020,60320000.0,-23765000.0,0.0,-12206000.0,,8721000.0,89224000.0,,
CORZ,Core Scientific,데이터센터 전력,2021,544483000.0,-56735000.0,0.0,47312000.0,,131678000.0,1341210000.0,,271576000.0
CORZ,Core Scientific,데이터센터 전력,2022,640313000.0,205187000.0,383980000.0,-2146318000.0,,52240000.0,-409346000.0,,375225000.0
CORZ,Core Scientific,데이터센터 전력,2023,502400000.0,65114000.0,16161000.0,-246487000.0,,69709000.0,-596941000.0,,386883000.0
CORZ,Core Scientific,데이터센터 전력,2024,510672000.0,42896000.0,94961000.0,-1437874000.0,,836980000.0,-943049000.0,,292606000.0
CORZ,Core Scientific,데이터센터 전력,2025,319019000.0,278250000.0,729000000.0,-288616000.0,,311378000.0,-962740000.0,1060325000.0,314231000.0
CORZ,Core Scientific,데이터센터 전력,2026,,,,,,2551391000.0,-2419356000.0,4297967000.0,319587000.0
APLD,Applied Digital,데이터센터 전력,2020,,,,,,,-2161000.0,,
APLD,Applied Digital,데이터센터 전력,2021,0.0,-83000.0,20000.0,-568000.0,,14045000.0,-922000.0,,1511061.0
APLD,Applied Digital,데이터센터 전력,2022,8549000.0,-872000.0,58251000.0,-23520000.0,,18074000.0,63509000.0,7190000.0,93946353.0
APLD,Applied Digital,데이터센터 전력,2023,55392000.0,58735000.0,131278000.0,-44646000.0,,34633000.0,155658000.0,,117732332.0
APLD,Applied Digital,데이터센터 전력,2024,165575000.0,13794000.0,141809000.0,-149274000.0,,314565000.0,434572000.0,,216555069.0
APLD,Applied Digital,데이터센터 전력,2025,228569000.0,-115402000.0,681603000.0,-231065000.0,,2295764000.0,1449629000.0,,279083210.0
APLD,Applied Digital,데이터센터 전력,2026,611311000.0,89685000.0,2865765000.0,-184339000.0,,4153430000.0,1717476000.0,,287883603.0
TLN,Talen Energy,발전(merchant),2012,,,,,,413000000.0,3848000000.0,,
TLN,Talen Energy,발전(merchant),2013,,410000000.0,583000000.0,-230000000.0,37000000.0,239000000.0,4798000000.0,,
TLN,Talen Energy,발전(merchant),2014,,462000000.0,416000000.0,410000000.0,23000000.0,352000000.0,3907000000.0,1683000000.0,
TLN,Talen Energy,발전(merchant),2015,,768000000.0,451000000.0,-341000000.0,20000000.0,141000000.0,4303000000.0,3787000000.0,128509000.0
TLN,Talen Energy,발전(merchant),2016,,,,,,1358000000.0,4567000000.0,3894000000.0,128529000.0
TLN,Talen Energy,발전(merchant),2021,,,,,,743000000.0,,,
TLN,Talen Energy,발전(merchant),2022,3089000000.0,187000000.0,232000000.0,-1293000000.0,12000000.0,988000000.0,-482000000.0,,
TLN,Talen Energy,발전(merchant),2023,,,,,,901000000.0,2457000000.0,2811000000.0,59028843.0
TLN,Talen Energy,발전(merchant),2024,2115000000.0,256000000.0,85000000.0,998000000.0,5000000.0,365000000.0,1387000000.0,2987000000.0,45961910.0
TLN,Talen Energy,발전(merchant),2025,2581000000.0,704000000.0,98000000.0,-219000000.0,4000000.0,752000000.0,1093000000.0,6782000000.0,45687828.0
TLN,Talen Energy,발전(merchant),2026,,,,,,238000000.0,1616000000.0,9543000000.0,47900355.0
